MLM Company First Name Last Name phone EmailAddress Address City State Zip country

AmeriPlan USA Verda Davis (971) 986-3782 verda@flash.net 4516 W. Pioneer#4 Irving TX -75061 USA

zesco ltd Elvis K Lubozha (260) 122-8084 eklubozha@excite.com Great East Road Lusaka other -10101 ZMB

SJ  Group USA.com S & A Enterprises (818) 613-3797 saenterprises9@yahoo.com P.O. Box 570014 Tarzana CA 91357-0014 USA

Master's Miracle Lola-Maxine Moore (831) 625-7589      

Juvio Ed Aguilar (949) 498-3546 sctelecom@aol.com 309 Zorro Vista San Clemente CA -92672 USA

Timeless Gifts Thomas Hart (402) 934-1332 timelessgifts@msn.com 13402 So. 33rd St. Bellevue NE 68123-2370 USA

NONE kathryn marion  kam@denver.net 869 Marfell Street erie CO -80516 USA

GNLD & earth block HERMAN TIBEREND  hermant@hcis.net     

SFI Rick Newcomer (703) 450-1773 rknewcomer@aol.com 12512 Browns Ferry Road Herndon VA -20170 USA

CBSI John Redmond (760) 252-2196 jredmond@iopener.net 316 Higgins Rd. Barstow CA -92311 USA

CGJ Enterprises Cecil Jepson (425) 776-0901 CecilGJ@aol.com 23503 67th Ave W Mountlake Terrace WA -98043 USA

AIM Ray Foucher (250) 445-6352 rfoucher@direct.ca 1000 Lind Creek Road "Greenwood, BC" other V0H1J0 CAN

"Pre Paid Legal Services, Inc." Debbie Williams (505) 836-5902 ppldeberic@aol.com 4908 Paseo Del Rey NW Albuquerque NM -87120 USA

SFI Bill Daniels (931) 565-4022 wellspring@igiles.net 1985 Shannon Creek Road Goodspring TN -38460 USA

NONE Leah Hampton (714) 634-8398 Leah814@aol.com 828 LaPerla St.  CA -92868 USA

Usana David L Allen (509) 545-5690 computrucker@aol.com 215 N 12th Pasco WA -99301 USA

Life Force International Bob Metcalfe (989) 753-0979 heybigbob@yahoo.com 3804 N Michigan Ave Saginaw MI -48604 USA

Legacy For Life robert maximilian  players@mindspring.com     

GMT Ken Romanoff (623) 556-9145 kenr87@msn.com 19303 New Tradition Rd. #226 Sun City West AZ -85375 USA

"Pre Paid Legal Services, Inc." Al Carter (208) 735-9400 alcarter@ltlink.com 1044 Lakewood Dr. Twin Falls ID -83301 USA

Freelife International Karen Fitchner  kaf3step@hotmail.com 1502 NE Hardage Circle Lees Summit MO -64086 USA

Best Price Referrals Edward Rowe (702) 320-5969 edrowe@lvcm.com 3201 S. Mojave Rd. Suite 320 Las Vegas NV -89121 USA

NONE Barkat Gillani (972) 245-6565 brfzgillani@aol.com 4005 Camrose Drive Plano TX -75024 USA

Legacy For Life Dean Saylors (803) 289-1909 biotech112@yahoo.com 605 West Barr St. Lancaster SC -29720 USA

mynewcreditfile Deb Banks (816) 228-5703 dbanks75@comcast.net 309 sw Canterbury rd Blue Springs MO -64015 USA

Maxxis 2000 Inc Mary Ann Strickler (228) 588-3847 ma2000@maxxconnect.net 11616 HWY 614 Moss Point MS -39562 USA

7 Cedar Hill Road Barbara Azan (860) 355-3101 barbazan@mindspring.com 7 Cedar Hill Road Gaylordsville CT -6755 USA

Every Day Wealth John Kalmes (563) 773-8241 jhnklms@cs.com 109 N. Main Street St.Donatus IA -52071 USA

Market Depot David Bishop (715) 720-4825 dcbishop@charter.net 6920 182nd St Chippewa Falls WI -54729 USA

RA john kuntz (724) 459-8549 jk@yourinter.net 4146 Rte 217 N Blairsville PA 15717-5609 USA

anti anti michael mitchell (903) 562-1191 tornadogodseventhlight@yahoo.com 901 ervay dallas TX -75201 USA

Sathelyne International Company Limited Johnson Chng (659) 863-5160 jochng@singnet.com.sg Blk 466 Pasir Ris St 41 #04-38 Singapore other 51046-6 SGP

Gas Up USA Roy Oakley (408) 238-2106 behealthyer@hotmail.com 3149 Oakgate Way San Jose CA -95148 USA

NONE Maynard Zinn (352) 873-4432 cloudbuster923@cs.com 11371 SW 138th Ln Dunnellon FL -34432 USA

Trivita Bud Parsons (480) 654-8953 lparsons@cox net 3325 E Carmel Ave Mesa AZ 85204-3253 USA

NONE Rich Stanley (719) 964-6441 richatpeace@hotmail.com 5015 Galileo DR Colorado Springs CO -80917 USA

Cognigen Alf Pears (865) 687-0725 infomercial@bellsouth.net POB 5440 Knoxville TN -37928 USA

Isagenix Dan McKnight (208) 889-0925 dbjcmck@yahoo.com 889 Principle Way Meridian ID -83642 USA

Dale Lockard Dale Lockard (501) 758-0583 dalelockard@hotmail.com PO Box 192807 Little Rock AR -72219 USA

NONE Jim Dunlap (251) 990-4152 jadunlap@att.net P O Box 977 Fairhope AL -36533 USA

"Pre Paid Legal Services, Inc." Linda Mammola (203) 313-2810 linda@legaljustice.org 14 Royal Pine Drive Danbury CT -6811 USA

Concorde Group Glenn Burkey (440) 428-5649 glennburkey@itilink.com 1028 St Michaels Way Madison OH -44057 USA

Trivita Cheryl Rounds (603) 432-3001 metamorphosis4@aol.com 25 Olesen Rd Derry NH -3038 USA

NONE Paul Hollinghurst (919) 544-6242 paul.hollinghurst@verizon.net 115 Montclair Circle Durham NC -27713 USA

Forever Living Products Int. Leslie Enzbrenner (540) 373-7913 lesenz@aba2net.com 219 Taylor Street Fredericksburg VA -22405 USA

rinoz concepts limited rinoz obianozie (2344) 648-1905 rinozc2000@yahoo.com 39 awka road Onitsha other -234 NGA

"ClubMidas, Empowerism, Cash Evolution" Charles Mattice (404) 292-4842 docsaddr@mindspring.com 159 Robin Drive Jackson GA -30233 USA

D Busch James Byrd  jlbyrd@aol.com 27732 S Way Hayward CA -94544 USA

Legacy For Life Carlos Magana (714) 721-7242      

"Pre Paid Legal Services, Inc." Jearld Tatum (601) 739-3938 taelay@teleclipse.net P.O. Box 324 Louin MS -39338 USA

Care Entree Arvinda Mani (510) 727-4666 arvindamani@earthlink.net     

Priority Lifestyles Ronald L. Anderson Sr. (850) 458-6103 rlanderson309@cox.net 309 Rentz Ave "Pensacola," FL -32507 USA

"Pre Paid Legal Services, Inc." Shannon Darragh (250) 717-5346 s.darragh@shaw 3592 Lakeshore Rod Kelowna other V1W3K5 CAN

Two different ones Casey Crane (704) 561-2227 smartpath@pobox.com PO Box 23425 Charlotte NC -28227 USA

AutoPartnerShip Ray Brown  bizwizhealthcare@yahoo.com     

NONE pete yaskanin (586) 296-2841 pkipy@yahoo.com 31278 schoenherr warren MI -48088 USA

"Nu Creations, Lexxus, Traavel Legacy" Robeert Snyder (352) 245-8295 robert.t.snyder@att.net 5002 SE 147th. Place Summerfield FL -34491 USA

NONE Mike Mack (770) 664-4951 mpmc53@cs.com 153 South Street Roswell GA -30075 USA

Referralware/concorde group/prepaidliving/ Thomas Lierzer (203) 981-5300 austria73@hotmail.com 31 A HArold Avenue Greenwich CT -6830 USA

NONE Ryan Brown (719) 473-5575 improveusa@gbronline.com 610 Paradise LN Colorado Springs CO -80904 USA

Melaleuca David Saunders (253) 584-1479 david3159@attbi.com 8101 83rd Ave SW  Apt H35 Lakewood WA -98498 USA

NONE Nancy Donahue (330) 882-2507 mkd@starband.net 3183 Hickory St. Clinton OH -44216 USA

Infinite Abundance Bryan Aller (908) 788-7596 redsky88@hotmail.com 130 State Route 31 Flemington NJ -8822 USA

Eco Quest International Scott Patrucco (631) 384-6710 spatr912@optonline.net 240 North Ocean Ave. Patchogue NY -11772 USA

NONE ida myers (785) 784-2072 womanofvalor2001@yahoo.com 6523 bragg pl#1 ft riley KS -66442 USA

reach your deams Darryl Waller (313) 582-4738 treemav31@aol.com 7829 Abington Ave Detroit MI -48228 USA

"Pre Paid Legal Services, Inc." Dave Burr (281) 358-8238      

Juvio Timothy Genster (203) 727-4650 tgenster@mail.com 4 Daniels Farm Rd. #220 Trumbull CT -6611 USA

SFI john beyer (425) 745-2014 orcasdude@cs.com 10924 mukilteo speedway pmb 278 mukilteo WA -98275 USA

mobile point akif naeem (924) 176-2161 pkakifpk@yahoo.com adam chowk g.m.abad faisalabad PA -38000 PAK

"GMT, netsource, mlmblueprint, several others..." Timothy Peters (386) 447-2466 tim@buildingblock.cc 15 Renmont Ct Palm Coast FL -32164 USA

PQI Noel Carlsen (909) 471-1071 starexec@prodigy.net "32295-8 Mission Trail, # 150" Lake Elsinore CA -92532 USA

Excel Communications Molly St. Claire (808) 676-5336 mollystclaire@myexcel.com PO Box 971798 "Waipahu, HI" HI -96797 USA

Concorde Group mark nachreiner (512) 331-4673 mnachrei@yahoo.com 1105 del roy drive Cedar Park TX -78613 USA

Usana Jacob Longoria (210) 865-4184 jlongoria25@yahoo.com 6143 Spring Time St. San Antonio TX -78249 USA

Trivita Gabriel Nave (615) 662-7716  8105 Stacy Sq ct Nashville TN -37221 USA

Many charmaine diaz (909) 882-7290 messaforyou@aol.com pobox4908 rancho CA -91729 USA

Cutting Edge Media Sherry Slater (916) 635-5433 stc4us@aol.com 2506 Angie Way Ranco Cordova CA -95670 USA

Link 2 Be Free Sandra Jones (419) 278-0105 link2mentor@yahoo.com P.O.Box 163 Deshler OH -43516 USA

Usana Todd Molter (425) 379-5942 kiazen@aol.com 4909 140th st se Snohomish WA -98296 USA

Melaleuca/Projoba Dwayne Schott (204) 325-5664 info@skinnycows.net P.O. Box 771 Winkler other R6W 4A8 CAN

Oasis Wellness Network Sue Erwin (928) 376-6735 sueerwingo@adelphia.net 1313 W 20th St Yuma AZ -85364 USA

Freedom Forcefield Dean Sos (703) 724-4100 bullseyexx@msn.com PO Box 2090 Ashburn VA -20146 USA

NONE david julseth (630) 513-1492 ankrom2@cs.com 38w582 dean st charles IL -60175 USA

GMB John Paduchak (603) 883-5485 johnep2@netzero.net 13 Roy Drive Hudson NH -3051 USA

NONE Jack Smith (801) 964-5065 jackscrafts@attbi.com 4235 W.5780 S. Kearns UT -84118 USA

Legacy For Life Ina Small (305) 527-4505 Smallconcepts@cs.com 2787 ne 208 TERRACE Aventura FL -33180 USA

PPLSI Jim Long (972) 671-8477 jlong@att.net 2202 Eastwood Richardson TX -75080 USA

Refhost Susiemae Palmer (617) 686-9178 susiemaepalmer@hotmail.com 337 Boston Post Rd Amherst NH -3031 USA

"5Linx Enterprises, Inc" jason guck (585) 359-2922 theguck@hotmail.com 2604 Elmwood Ave #213 rochester NY -14618 USA

Usana NANCY D'AMICO (909) 734-5950 nanc48@usa.com 1149 BLOSSOM HILL DR. CORONA CA -92880 USA

WebTreasure Ventures Inc Joanne Dolles (705) 722-9680 webmaster@webtreasureventures.com 27 Ingram Crt Barrie other L4N7B9 CAN

NONE Pat Bowie (413) 664-9931 wargo20@hotmail.com 266 Ashland St. North Adams MA -1247 USA

Nu Creations trisha wright (502) 845-5333 rightopp01 2960 lake jericho road smithfeild KY -40068 USA

NONE cynthia parker (850) 243-8068 itzcyndi@yahoo.com 360 coral drive s.w. fort walton beach FL -32548 USA

Seasilver Keith Morris (909) 242-4624 keith@keithbiz.com 25066 Graduar Court Moreno Valley CA 92557-6510 USA

Legacy For Life Keith Vanic (570) 422-3314 k_vanic@hotmail.com PO Box 148 Shawnee on Delaware PA -18356 USA

Cajun Country Candies Cynthia Lewis (530) 846-3832 cynnurse@nowusa.com 170 E. Spruce St. Gridley CA -95948 USA

Dozier & Dozier Marketing Co. Willie Dozier (904) 724-8220 webmaster@cloneman.zzn.com 3000 Coronet Lane 165 Jcksonville FL -32207 USA

Ein Group Albert Houghton (208) 461-0336 allor@cableone.net 7732 Cedarbrook Dr. Nampa ID -83687 USA

Coastal Club Vacations John Collier (604) 856-9112 bakrview@shaw.ca "29584 galahad Crescent," Mt Lehman other v4x2e4 CAN

"Pre Paid Legal Services, Inc." Ruben James (703) 723-0429 Jamerube37@aol.com 21550 Iredell Terrace Ashburn VA -20148 USA

drw enterprises dale wesie (330) 345-6739 dgarnt@excite.com 3783 friendsville rd 21 wooster OH -44691 USA

NONE Larry Foster (724) 548-4012 ftl@alltel.net RD1 Cowansville PA -16218 USA

Webprofits Robert Hart (864) 543-4661 ansr1@ureach.com P.O. Box 26 Ninety-Six SC -29666 USA

Excel Communications Joseph DeHoust (518) 325-7807 jrd831@taconic.net 38 DeHoust rd box13 Hillsdale NY -12529 USA

NONE juergen kuehnel (9150) 595-0603 j_kuehnel@msn.com 10075 fenway drive el paso TX -79925 USA

ilovemoney Horace Winston (404) 847-2180 moneydog@ureach.com P.O. Box  735 Redan GA -30074 USA

Concord Group Inna Tolmatsky (818) 832-0676 inna2000@hotmail.com 12757 Jolette Ave Granada Hills CA -91344 USA

Eco Quest International william wischnewsky Wischnewsky (229) 887-2463 wischnewsky5@earthlink.net RR 1 Box 619 Richland GA -31835 USA

AmeriPlan USA David Sayre (330) 339-2303 DavidASayre@excite.com 360 Third Street NW New Philadelphia OH -44663 USA

Herbalife International Todd Johnston (260) 248-2852 toddjohnston4422@msn.comniftyincome.com 6189 S. Derby Dr. Columbia City IN -46725 USA

Herbalife International Terry Starkey (218) 879-6697 Tmstark59@aol.com 2407 Overlie Rd Carlton MN -55718 USA

"Pre Paid Legal Services, Inc." Rhonda Riggs (712) 642-4668 riggs_51555@msn.com 213 South9th St Missouri Valley IA -51555 USA

Kashback Mktg / SFI JEAN-CLAUDE FRECHETTE (819) 373-8990 j_claude_frechette@hotmail.com 220  Langevin Apt # 2 CAP-DE-LA-MADELEINE other G8T8C1 CAN

ACN Jim Connor (604) 633-0866 cqm@telus.net 108-1750 West 13th Ave Vancouver other V6J2H1 CAN

NONE jason kolbeck (608) 386-7290 jgk72hs@charter.net 266 junction rd apt#31 madison WI -53717 USA

SFI Galen Davis (860) 242-4451 galen@abac.com 1079 Blue Hills Avenue Bloomfield CT -6002 USA

Coastal Club Vacations Mary Kasulaitis (703) 691-4072 MVW5@aol.com 4328 Andes Fairfax VA -22030 USA

Usana Pat Weber (727) 360-9856 patweber@tampabay.rr.com 11105 6th St E Treasure Island FL -33706 USA

vms satelite Gary Shaw (215) 763-9719 shga240@aol.com 1817 n. Taylor Street Philadelphia PA -19121 USA

Herbalife International Loraine Marshall  l.marsh5@ntlworld.com 39 Midmoor rd Sunderland other SR4 6NS UK

World Lending Group Rick Gutierrez (713) 789-7425 rick@rickgutierrez.com 2824 Briarhurst #31 Houston TX -77057 USA

Excel Communications Harriet Stutey (203) 869-1158 harriet@hs-ebiz.com 2 Buckingham Lane Greenwich CT -6830 USA

NONE anthony shenberger (717) 792-9401 tigerseyeas@yahoo.com 3900 tunnelhill rd apt 2 york PA -17404 USA

NuSkin Enterprises John Caley (972) 781-1461 jdcaley@attbi.com 6404 Glenhollow Dr. Plano TX -75093 USA

Liberty Management Group Inc. Linda Matthews (207) 255-8386 aabey@ainop.com "R.R.1, Box 264" Machias ME -4654 USA

NONE Patricia McClean (330) 507-5093 tmcclean@neo.rr.com 4478 La France Avenue Newton Falls OH -44444 USA

Nexx audra johnson (219) 985-9783 jgroup@nexxrep.com 5015 Hayes st Gary IN -46408 USA

OIO Pro Mark McLain (845) 452-6012 mnetwrk@webtv.net 79 Glenwood Ave. Poughkeepsie NY 12603-3330 USA

Nu Creations Keith Doss (517) 278-9594 kealdos@hotmail.com 50 E. Chicago Coldwater MI -49036 USA

Mike G. MLM Jeff Wirth (248) 375-2517 bodybewell@comcast.net 2503 New England Dr Rochester Hills MI -48309 USA

Self-employed Marc Harty (214) 528-8300 marc@hartycom.com 3101 N. Fitzhugh Ave. Ste. 450 Dallas TX -75204 USA

Dynamics 4 Success International Betty Jo Stephens (361) 758-6644 jo361@lycos.com 903 W DeBerry Ave Aransas Pass TX 78336-3707 USA

Isagenix Roger Hacking (435) 789-2375 rolafam@easilink.com 324 West 200 South Vernal UT -84078 USA

sai infotech; data entry works etc.. venkata charyulu  vvcharyulu@rediffmail.com vengalarao nagar hyderabad other 50003-8 IND

"Liberty, STC" Bruce Hurst (559) 496-0520 TIE1007@aol.com 575 N Yosemite Fresno CA -93728 USA

Kool Tools Nikko Hansen  nikkoji@qwest.netsites.supreme-team.com     

NONE Steven Farmer (864) 639-4585 sfarmer1@prodigy.net 134 Evregreen Ct. Central SC -29630 USA

Market America JOE GIOIA   5128 ROOSEVELT AVE WOODSIDE NY 11378-7 USA

NONE Shawnee Allen (662) 895-9331 ashawnee4@aol.com 8561 Germantown Rd Olive Branch MS -38654 USA

Prospect Planet Ella Greene (803) 652-2368 egreene501@aol.com 2263 Williston Rd Aiken SC -29803 USA

Eco Quest International marietta pickett (317) 984-6606 natech@netusa1.net 26715 devaney rd Atlanta IN -46031 USA

MLM Dynamite Gordon Franson (403) 244-0242 Gfran44@hotmail.com 205-1015 Cameron Ave S.W. Calgary other T2T 0K2 CAN

Herbalife International Bruce Rumph (703) 858-1877 bcrwayoflife@adelphia.net 21537 Chickacoan Trasil Dr Ashburn VA -20148 USA

communication Merlyne NIYONGABO  nmerlyne@yahoo.fr 47.CH.P.L.RWAGASORE bujumbura other -5314 BDI

Your Travel Biz greg myers (304) 622-2672 gregmyers@prodigy.net 212 buckhannon avenue clarksburg WV -26301 USA

NONE Donna Moseley (512) 989-7572 lady17g@aol.com 900 Broken Feather Trail No 133 Pflugerville TX -78660 USA

Melaleuca Sharron Fleming (301) 262-7141 sharron1128@yahoo.com 12317 Quiet Owl Lane Bowie MD -20720 USA

Cognigen Helen Matekunas Dock (317) 507-2871 helendock@surfbest.net 1570 West 96th Street Indianapolis IN -46260 USA

Group M Marketing Tony Ciotti (203) 377-9914 amciotti@optonline.net 125 Sixth Ave Stratford CT -6615 USA

this one roger kohl  tonyvincent7@hotmail.com 650 safkdj dslkfj IA 12312-3 DZA

American Petroleum Promotions Jack Proffer (810) 742-0619 jproff99@yahoo.com 622 East Atherton Rd Flint MI -48507 USA

NONE Dorothy halsetead (559) 661-0771 worm93638@yahoo.com 115 north q street "Madera," CA -93638 USA

FFA Ruth Lockwood (949) 651-0712 charity714@hotmail.com 1 Knollglen #22 Irvine CA -92614 USA

Nu Creations Brad Armstrong   3491 Bryant St Hillard OH -43026 USA

Dream Away Darlene Barber (956) 943-1900 mbarber994@aol.com 418 Ebony Lane Laguna Vista TX -78578 USA

My Own harry green (604) 926-1440 together_ we _can2002@yahoo.com 1275-20street vancouver other 3z4 v7v CAN

www.FreeViral.com/?r=22983 Dequincey Jones (905) 793-7983 ccpsc@idirect.com 4 Jeffrey St Brampton ONT L6S 2M9 CAN

The Master's Miracle Dallas Bordenave (909) 509-8956 mlmtex@earthlink.net 20410 Little Julies Way Riverside CA -92507 USA

Concorde Group/Life Force Intl. Mike Jaeger (912) 234-0131 mikejaeger@comcast.net 775 Southbridge Blvd. Savannah GA -31405 USA

Primerica Financial Services Anthony Anzaloni (425) 488-8214 mlmforlife2000@yahoo.com PO Box 8024 Bellevue WA -98011 USA

NONE Sue White  bs_white@yahoo.com 105 Ladderback ane Devon PA -19333 USA

HBO Sharon Lee (580) 276-5419 PrincessStar5@hotmail.com "HC 75, Box 592A" Wilson OK -73463 USA

Oriflame Oyungerel Gombosuren  oyungerel_orifl@magicnet.mn "Baga toiruu, 17-18" Ulaanbaatar MN -976 MNG

NONE Ekhson Holmuhamedov (507) 284-4224 ekhson@mayo.edu 3512 14th ave nw Rochester MN -55901 USA

UNIM Stores Shirley Holley (512) 312-1906 Shirlh@austin.rr.com 3850 Dacy Lane Kyle TX 78640-4402 USA

Speedlearning Institute Chris Chase (917) 441-9019 chrisc@speedlearning.org "166 West 87th Street,#127" New York NY -10024 USA

"Pre Paid Legal Services, Inc." PJ Post (415) 332-7154 penpost@pacbell.net PO Box 10010 San Rafael CA -94912 USA

GroceryBiz Candace Fovel (585) 227-6060 candace_fovel@frontiercorp.com 67 Constance Way E Rochester NY -14612 USA

ConcordeVision Terry Downs (412) 719-5567 tdowns@adelphia.net 255 Parker Drive Pittsburgh PA -15216 USA

NONE Gary Palmer (714) 281-4819 vitarx@msn.com 6949 Shorecrest Dr Anaheim CA -92807 USA

NONE B Strickman (404) 233-8799      

Excel Communications Martin Kizlink  mkizlink@yahoo.co.uk "25, Upperton Gardens" Eastbourne other bn21 2aa UK

"MoneySystems,TheDoTeam" Catherine Longworth (909) 359-0726 Catherine.Longworth@whytdove.zzn.com 5931 Fuller Ct Riverside CA 92504-1408 USA

Mentors in Motion Michele Lally (818) 550-1576 createmisuccess@aol.com 2800 Mira Vista Dr Glendale CA -91208 USA

NONE Carl Bendiksen (253) 582-0550 CandLWorks@Juno.com 3109-86th St. Ct. So. Lakewood WA -98499 USA

NONE Bart Batten (304) 877-6550 cashman1204@yahoo.com 200 Kelly Ave Mount Hope WV -25880 USA

NONE Jackie Tedford (501) 843-3409 jwtedford@futura.net 61 W. Old Austin Rd Austin AR -72007 USA

NONE Ron Linke (402) 371-8819 rlinke43@msn.com 504 N. 27th St. Norfolk NE 68701-0322 USA

NONE David Faldet (303) 651-6667 dfaldet@msn.com 1420 Sorrel Ct. Longmont CO -80501 USA

DSI Joseph Piskorowski (716) 896-7797 joseph8_8@hotmail.com 74 Wabash Ave. Buffalo NY -14206 USA

Legacy For Life Mike Williams (423) 349-4237 joash@chartertn.net 140 Honeycut Dr Kingsport TN -37660 USA

MLM david butler   5142 rhine dr. flint MI -48507 USA

Your Travel Biz Kevin Carlson (513) 293-2233 carlson711@aol.com     

"Pre Paid Legal Services, Inc." Steph Pounds (216) 581-1136 spounds@prepaidlegal.com 5046 Erwin Street Maple Heights OH -44137 USA

NONE vera polintan (510) 234-8668 veraopoliiintan@hotmail.com 1724 julian court el cerrito CA -94530 USA

Herbalife International Teresa Johnson  tmj705@attbi.com 705 44th Street North Great Falls MT -59405 USA

Usana Joshua Ford (616) 575-2198 joshuajford@hotmail.com 2931 Okemos Dr. se Grand Rapids MI -49546 USA

Seasilver Len Kramer  lensbox222@hotmail.com 24414 University Ave. #34 Loma Linda CA -92354 USA

NONE BONNIE HURLE (973) 644-1336 bhurle@att.com 66 Peachtree Rd. Maplewood NJ -7040 USA

NONE alan linde  alanlinde@hotmail.com 3770 swenson las vegas OH -89119 USA

Circles Of Life Roberly Hearsch (626) 676-6093 rhearsch@jegonline.com 1712 Gillette Crescent Souyh Pasadena CA -91030 USA

DollarDrive Bill DeMay (913) 599-4910 video@ttinational.net 17612 West 113th Ter. Olathe KS -66061 USA

Legacy For Life Keith Vanic  kvanic@hotmail.com     

WFU Glen Siguenza (671) 472-8617 gcsiguenza@yahoo.com P.O. Box 3124 Hagatna other -96932 GUM

Affiliate Marketingshowcase HAR SABHARWAL  worlduni@shaw.ca     

Several Mildred Schuchman   7363 So. Robb St. Littleton CO -80127 USA

Big Planet Les Chin (888) 567-4729 les.chin@bigplanet.com "300 Queen Anne Avenue North, #402" Seattle WA -98109 USA

Several James Holman (765) 362-2094 jkholman@link2000.net 2003A Parkfield Court Crawfordsville KS -47933 USA

APlanUSA & Concorde Helen Hadix (603) 752-3310 rdhadix@msn.com P.O. Box 74 Berlin NH -3570 USA

Mid Atlantic Financial Services George Deares (410) 494-1818 mafs1@msn.com 100 Custis Street Aberdeen MD -21001 USA

NONE Carl Buttry  carlsbuttry@hotmail.com 123 not needed nowhere TN -37610 USA

Nu Creations Jim Willard  Jim_Mary39@nucreationsinc.com     

Concord Group Christa Windsor (913) 385-0809 c.windsor@sbcglobal.net 7517 Falmouth Prairie Village KS -66208 USA

GMT Ruth Brown (901) 821-9725 rbrownha@hotmail.com 990 Elizabeth Lane Memphis TN -38122 USA

Guerilla Marketing Bomb Shells Alan Gray (916) 985-4445 alan@islandsoft.com 414 Figueroa St Folsom CA -95630 USA

NONE Ken Hodgson   771 Boston Post Rd E #120 Marlborough MA -1752 USA

Investrio maury hodge (323) 931-9668 mshmarketing@aol.com 1420 s orangegove av #5 la CA -90019 USA

NONE Sheena Guthrie (740) 587-0543  672 D West Broadway Granville OH USA USA

multimedia dilraj bhatia (657) 222-7191 dilrajlp@rediffmail.com "3-C/15,  MILAN, bistupur market." jamshedpur other 83100-9 IND

"GMT, infinite abundance" Ed Bjork (760) 365-3930 diversified2002@adelphia.net 6960 Avalon Ave Yucca Valley CA -92284 USA

Quixtar Diane Voyles (404) 297-9073 drrickv@aol.com 865 Holly Hedge Road Stone Mountain GA -30083 USA

NONE cristina moldovan (4026) 444-4282 moldcris2001@yahoo.com dambovitei 20/18 cluj napoca other -3400 ROM

HBO Tax Academy Cindy Bodwin (714) 447-0161 evizonary@aol.com 1128 Crestview drive Fullerton CA -92833 USA

http://www.askmiky.com/home/signup.php?ref=nancip Nanci Pulling (309) 238-7074 pully_54@hotmail.com 116 N Garfield Street Washburn IL -61570 USA

Retire Quickly Sherrie Murray (713) 856-9755 RetireQuicklyMom@aol.com 8550 Easton Commons #6011 Houston TX -77095 USA

World  Health Alliance Pat Hansen (386) 289-4012 ptrchns@aol.com 1317 S.W.Canal Shore Drive Le Claire IA -52753 USA

Quali-Air Company Ronald Erwin (210) 735-6189 quali@grandecom.net 4210 Fredericksburg Rd. #209B San Antonio TX -78201 USA

Heartbarplus Vevienne Smith (347) 512-5197 bibsveiws@bigplanet.com 2527 31st  South St. Peterburg FL -33712 USA

NONE Carl Burrin (714) 871-7382 cnburrin1@aol.com 709 W Amerige Ave Fullerton CA -92832 USA

Liberty Plus Professional Services Valerie Smith (585) 359-9795 vsmith@rochester.rr.com 35 Wallman Drive Henrietta NY -14467 USA

NONE jenna ervin (303) 805-8794 jennaervin@aol.com 10843 sumerset way parker CO -80138 USA

OIO PRO - Coastal Vacations Doug West (580) 298-6105 Doug@kosoma.com Box 7 Moyers OK -74557 USA

NONE Patrick Creamer (972) 641-7794 patrickcreamer@sbcglobal.net 1925 Clark Trail Grand Prairie TX -75052 USA

Excel Communications Laurie Seligman (210) 691-1583 lseligman@myexcel.com 4949 Hamilton Wolfe #5106 San Antonio TX -78229 USA

nutrition sun lin (323) 221-9453 lychinglin.ca@netzero.net 565 e. avenue 28 los angeles CA -90031 USA

NONE andrew brown (416) 604-5788 sankofad@yahoo.com 3-704 spadina toronto other m5s 2s6 CAN

Financial Concepts jackie miller (817) 845-2047 jackiemiller101@hotmail.com 4200 old benbrook road #82 fort worth TX -76116 USA

NONE Irma Verebi (480) 367-8532 verebi@msn.com 6980 E Sahuaro Drive # 1061 Scottsdale AZ -85254 USA

Core Club International Bob Bellingar (419) 334-5187 rllmbb@aol.com 822 Croghan St. Fremont OH -43420 USA

TRAVEL AGENCY ERALDO WILLIAMS (876) 403-7082 eraldo66@hotmail.com 25 MARTELLO DRIVE HARBOUR VIEW KINGSTON 17 other N/A JAM

Care Entree Helene Bieszczad (570) 587-4388 helenejoan@epix.net RR 2  Box  198 Olyphant PA -18447 USA

Investrio Mark McIntyre (909) 868-0908      

NONE Joel Roberts (334) 222-7643 jsroberts@alaweb.com 130 Foxwood Dr. Andalusia AL -36420 USA

Advocare Larry Roberts (615) 207-3307 lwrgroup@aol.com PO Box 170 White House TN -37188 USA

Advocare Dave Friday (865) 694-0091 davewfriday@hotmail.com 8709-24 Olde Colony Trail Knoxville TN -37923 USA

Melaleuca Deb Hopkins (717) 642-9881 david17320@yahoo.com 6385 Fairfield rd Fairfield PA -17320 USA

Cognigen/Nexx William Cato (573) 369-2752 wrcato@uiwt.net Box 36 Hawkens Rd. Brumley MO -65017 USA

Excel Communications Cindy Bradley (501) 525-1269 cbbradley1961@myexcel.com 2301 Higdon Ferry Rd B1 Hot Springs AR -71913 USA

NONE Karen Butler (850) 581-2132 chelesatthebeach@earthlink.net 519 Rush Park Circle Mary Esther FL -32569 USA

Profit Leads & ProfitLeads.net Thomas Tandy  ktenterprises@chiconet.com     

Excel Communications Michael Adams (978) 372-3757 samster.sam@verizon.net 7 South Lincoln St Bradford MA -1835 USA

NONE roger mcghee (410) 636-4561 maxis2000@aol.com 215 old riverside rd Baltimore MD -21225 USA

Pharmanex Ginger Haskins (870) 431-5034 ginger@healthscanner.net 3833 Hwy. 178 W. Lakeview AR -72642 USA

Rexall Ken Arp (402) 328-8655 LYFTRAINER @aol.com 5601 Falcon Circle Lincoln NE -68516 USA

NONE Dale Nalley (210) 657-4138 dalenalley@sbcglobal.net 6003 Creekway San Antonio TX -78247 USA

Ezine Blaze William Bartow (718) 771-6611 wbartow@msn.com 1167 Dean st. Brooklyn NY 11216-3003 USA

"Pre Paid Legal Services, Inc." Iris Soop (702) 914-0002 just2relax@lvcm.com 9919 Princess Cut St Las Vegas NV -89123 USA

Melaleuca Callie Canrinus (506) 433-6196 canrinca@nbnet.nb.ca 52 Elliott Drive Sussex other E4E 2K3 CAN

My Big Project Robert Pabelico  rpabe62830@sbcglobal.net P.O. Box 611834 San Jose CA -95161 USA

NONE Pat Seymour (909) 237-6384 jpatseymour@earthlink.net 5880 Sunset Ranch Rd. Riverside CA -92506 USA

NONE Peggy Newkirk (502) 538-6066  2125 Armstrong Lane Mt. Washington KY -40047 USA

NONE Mary Witt (434) 993-3633 mirandact@aol.com 21 morton creek rd lynchburg VA -24504 USA

AMS jim blasvo (847) 651-1361 jim_blasco@surfbest.net pob 724 rlb IL -60073 USA

Morinda Billy Finlayson (904) 724-0705 billylebo@aol.com 489 Tabor Dr. s. Jacksonville FL -32216 USA

Usana Rod Hammer (317) 773-2868 hammer@technologist.com 17872 Kinder Oak Dr Noblesville IN -46060 USA

4Life Research Ann Williams (602) 955-6277 "bizinfo@mindspring.co," P.O. Box 80822 Phoenix AZ 85060-0822 USA

"Pre Paid Legal Services, Inc." marc king (708) 236-9411 wendolynking@sbcglobal 110 hillside 1w hillside IL -60162 USA

wlg G Marshall (916) 788-0386 goldenwoodfinancial@surewest.net 4255 Ronn Sac CA -95874 USA

prosperforever.tv Eldred Post (217) 696-2598 postentp@adams.net 2751 N 2300 Ave Clayton IL -62324 USA

Yes ARNALDO ALBERTI (39012) 600-0000 arnaldo.alberti@inwind.it VIA CASTELLAMONTE 48 TORINO other -10010 ITA

Legacy For Life ED Hebert (415) 771-5867 ehebert@covad.net 1253 bush st. #302 San Francisco CA -94109 USA

Legacy For Life Norman Brodine (585) 482-2061 summit@rochester.rr.com 169 Clover St. Rochester NY -14610 USA

AnyWidget Rod Beckwith (650) 888-6052 rod@howtothinkandgrowrich.com 1040 Grant Rd. Suite 155-169 Mt. View CA -94040 USA

Healing AmericaSever Wiliam Grier (949) 588-6905 grier@fea.net 453 Avenida Sevilla Unit C Laguna Woods CA -92653 USA

NONE TOM CALDWELL  TOMCALDELL57@YAHOO.COM "BOX 594, 8650 W. JAMES" COMERSET TX -78069 USA

"Nexagen USA,ITI,Imagine2020" Robert Marks (609) 894-8314 evelspirit@earthlink.net 417 Lakeview Terrace Pemberton NJ -8068 USA

Pe-Paid Legal Services Tina Walters (949) 642-5296 nbmof3@aol.com 2285 Golden Gircle Newport Beach CA -92660 USA

Tru Dynamics Robert Scharnhorst  rls12myexcel.com     

"TheCashSolution, tycoonpro" Sam Kim (949) 922-9290 samtkim@yahoo.com 5051 Alton pkwy #37 Irvine CA -92604 USA

Cajun Country Candies Doug Pagel (830) 672-6460 dpagel@the-cia.net 2405 Church St. #83 Gonzales TX -78629 USA

NONE Judy Rainwater (847) 498-6082 jjr139@msn.com 1060 Shermer Rd. #B-28 Northbrook IL -60062 USA

kalam education muhammad zainal arifin  muh_zen@hotmail.com bendil  jati kulon-sumber gempol-tulung agung tulung agung other -66291 IDN

Government Danny Thompson (602) 628-6495 danny602@aol.com 1338 E. Culver St. Phoenix AZ -85006 USA

NONE rosalind wright (252) 456-4384 rosalind@pop3.gloryroad.net pob 593 norlina NC -27563 USA

Mentors in Motion Richard Hoose (716) 433-8511 r7i7c7h7@aol.com 6411 Erna Dr Lockport NY -14094 USA

Cognigen/Freedom Voice Jarrod Kinsley (330) 327-7394 jkinsley@bticc.net P.O. Box 35742 Canton OH 44735-5742 USA

NONE tanya pratt   4277  elk rim  road south jordan UT -84095 USA

NONE Mark Backley (301) 429-0844 markbackley@comcast.net 5809 84th ave New Carrollton MD -20784 USA

Seasilver Ann Pike (863) 644-8060 ghc@ithink.net 1205 Rolling Woods Lane Lakeland FL -33813 USA

CDI Telecom JW Jones (479) 444-9675 jjark1117@aol.com PO Box 2923 Fayetteville AR -72702 USA

Omnitrition Sherri Linton (785) 545-3318 slinton@nckcn.com 112 E. Kansas Glen Elder KS -67446 USA

timromero@telcity.com roger dean (251) 990-5595 rnaed33@aol.com 501 patlynn dr. fairhope AL -36532 USA

Legacy For Life Donna Denton (541) 267-4522 ddenton@peoplepc.com 440  4th Ave. #1 Coos Bay OR -97420 USA

Cash Flow Circle Bob Kirk  halliloodirect@aol.com 2 Halliloo Cottages Halliloo Valley Rd Woldingham  Surrey other CR3 7HA UK

Legacy For Life Dave Hanson (715) 831-1606 wcl@cvbiotech.com     

Legacy For Life Larry Rose  numunity@onebox.com 831 E Plainview RD Springfield MO 65810-2815 USA

PeakAchievement Coylee Hill   4112 McCray St. Apt. # A Bakersfield CA -93308 USA

Life Plus Gary Wells (870) 698-2700 wellsgar@worldplus.com 1460 S. Goebel Cir Wichita KS -67207 USA

NONE walter ferguson (919) 777-5215 walterferguson@charter.net 1316 glen ct Sanford NC -27330 USA

NONE :Lucretia Lake (541) 688-5043 preppyboy022003@yahoo.com 927 travis avenue eugene OR 97404-4504 USA

CASHevolution Lisa harringer (316) 354-3808 rappid45@yahoo.com 2105 W. Reay St. Haysville KS -67060 USA

Legacy For Life Larry LaRosh (619) 233-7666      

THE DEBT PAYMENT CLUB LORNA LETTMAN (718) 462-9434 LLETTMAN@MSN.COM 2116 DORCHESTER ROAD Brooklyn NY -11226 USA

Primerica Financial Services Romie Maya (425) 255-3872 romielmt@yahoo.com 1411 Grant Ave. S. Apt. G201 Renton WA -98055 USA

Whole Body Balancing Cheryl Laures (509) 965-7272 energy33@charter.net 4709 Clinton Way Yakima WA -98908 USA

Legacy For Life James Reynolds (317) 781-1022 jcreynolds2001@yahoo.com 2540 Tulip Dr Indianapolis IN -46227 USA

CEDLC Marshall Fowler (803) 788-7739 bfowler201@yahoo.com 141 Windridge Rd. Columbia SC -29223 USA

"SFI,Cognigen,Doersclubworldwide" David Langford  dklang4@wf.quik.com     

Excel Communications Calvin "Collins, Jr." (952) 894-0056 yourcserv@myexcel.com 12425 Allen Drive Burnsville MN -55337 USA

Team National mike redden (229) 273-8885 mgredden@bellsouth.net 1013 20th ave e Cordele GA -31015 USA

NONE jason stovall (530) 221-4134 jason@monstertransport.com 1505 mistletoe ln Redding CA -96002 USA

Optecs Laurence Chilcott  myhotsky@hotmail.com "5/14,Taylor Rd" Lilydale other -3140 AUS

Cognigen michael Stidd  tek373@earthlink.net 385 west ridge road elizabethtown PA -17022 USA

WWKiosk Charles Howshall (702) 656-5053 RetNav1973@aol.com 7041 Sunhampton Ave.  #106 Las Vegas NV -89129 USA

Nu Creations kendall gattison  gattison@ureach.com 4911 E Belmont Ave Unit B Fresno CA -93727 USA

saloman Associates Saloman Raju Jeldi (91944) 000-0000 rawzoo143@yahoo.com #53-34-7 KRM Colony Visakhapatnam other 53001-3 IND

telecommunication prudencio patrona jr.  jodira2001@yahoo.com 352 blum.ext. laloma Quezon city other -1114 PHL

Mannatech Larry Staff (306) 937-7612 lstaff@sk.sympatico.ca 182 - 30th St Battleford other S0M 0E0 CAN

autohits.com jaquone jefferson (240) 461-4508 jaquone@earthlink.net 4003 23rd parkway apt21 temple hills MD -20748 USA

Imagine 20/20 Bob Johnson (850) 983-2406 lanefreke49@aol.com 6742 Amos St Milton FL -32570 USA

Guerilla Marketing Bomb Shells John Leonard (905) 938-7415 jleonard3@cogeco.ca "76 Roehampton Avenue, Suite 607" "St. Catharines, Ontario" other L2M 7W5 CAN

AmeriPlan USA O H Brown (843) 884-0728 ohbrown@comcast.net 1150 Hungryneck Blvd. Ste C-328 Mt. Pleasant SC -29464 USA

NONE Irving Schubert (702) 340-7620 schubertsinnv@hotmail.com 346 Bent St Alston AZ -57132 USA

The Millennia Magazine Paul Wilson (626) 918-3995 suertudo@aol.com 1120 N. Lang Avenue "La Puente," CA -91744 USA

Legacy For Life Vesna Zalusky (520) 327-3327 vesna@BestCareerStop.com 3809 E Calle Ensenada Tucson AZ -85716 USA

Melaleuca TS Park (82199) 100-0000 nonilife@dreamwiz.com "C-56, COEX EXHIBITION CENTER," "SAMSUNGDONG, KANGNAMGU, SEOUL" other 135-731 PRK

NONE Wendy Aston (360) 720-1452 wendyaston@hotmail.com 638 SE 6th Ave Oak Harbor WA -98277 USA

Eco Quest International Dave Pipitone (630) 497-0815 Pipitone@ix.netcom.com 79 W. Magnolia Dr. Streamwood IL -60107 USA

Seasilver RUBI CELESTINE (301) 261-2627 RUBICON56@AOL.COM 56 GREENKNOLL BLVD HANOVER MD -21076 USA

Gas Up USA Jim Harkless Sr.  codybearw@hotmail.com 171 whaley place chillicothe OH -45601 USA

NONE Don Gehly (603) 778-7147 profdongehly@aol.com 59 Depot Rd Stratham NH -3885 USA

GMT and gasupusa Joel Burdman   23210 West Vail Drive West Hills CA -91307 USA

"Love, Mary Soy Candles" Jay NaPier (615) 384-9631 jaynapier@netzero.com 6252 Highway 76 East Springfiled TN -37172 USA

Excel Telecommunications Nikki Johnson (250) 426-5680 doniksjam@shaw.ca 412 16 Ave N Cranbrook other V1C 3W7 CAN

Unknown Milan Markovic (38111) 400-0000 mimark@eunet.yu Save Kovacevica 51/7/29 Beograd other -11000 YUG

Eco Quest International Brian McCabe (620) 845-6872 scout@kanokla.net 1252 S. Bluff Rd. Caldwell KS -67022 USA

Nexx Nina Cambron (812) 354-1226 ninacambron@msn.com PO Box 608 Palmyra IN -47164 USA

"Pre Paid Legal Services, Inc." Robert Perez (760) 251-0117 questforthetop@aol.com 13940 El Rio Lane Desert Hot Springs CA -92240 USA

NONE Richard Wilson (954) 418-8891      

ACN Linda Dell (513) 535-3356 lindarj@fuse.net POBox 14034 Cincinnati OH -45250 USA

Several Holly Henderson (770) 452-7793 hollyhenn@hotmail.com "2180 Pleasant Hill Rd., #278" Duluth GA -30096 USA

Enliven International Tom Sweeney (715) 341-6370 swenet@charter.net 2601 Forest Dr #45 Plover WI -54467 USA

NONE Vincent Malfa (845) 628-0816 vmalfa@rcn.com 14 Bayberry Hill Rd Mahopac NY -10541 USA

PQI JoEllen Wieseler (605) 392-2552 wieseler@westtelco.com 35943  174th  Street Orient SD -57467 USA

Infogeneratorpro Richard Hansen (618) 667-3371 mybusinessis@charter.net 415 Oakwood Drive Troy IL -62294 USA

NONE Achuth Kamath (973) 325-3763 kamatha@hotmail.com 141 Randolph Place West Orange NJ -7052 USA

Legacy For Life sean senabandith (707) 344-1279 finese02@aol.com 2106 cedarbrook dr fairfield CA -94535 USA

NONE Richard Theis (417) 255-1116 rlt38@wpcs.net 1400co.rd. 8240#418 West Plains MO 65777-6 USA

CDI Telecom Ronnie Roberts (727) 576-5079 Robertsb1931@aol.com 34042 Azalea Dr Pinellas Park FL -33781 USA

GMT Novic Deloach (215) 276-4671 poohbear@axs2000.net 1114 east clivenden street philadelphia PA -19119 USA

Life Plus Don Green (301) 260-1551 DonG@primanet.com 3112 St. Florence Terrace Olney MD -20832 USA

"Pre Paid Legal Services, Inc." Christina Walters (949) 642-0131  2285 Golden Circle Newport Beach CA -92660 USA

ITI & Bionate Kenneth Miller (614) 431-0086 kmmopp@msn.com 5036 Shadycrest Rd. Columbus OH -43229 USA

Hits All Over Ephran Price  ejprice@fortunehitech.net     

sole propreiter/cellular products Hope vanderhei (219) 769-0167 greer90@earthlink.net 2454 w.Lincoln hwy. Merrillville IN -46410 USA

"PEEL inc, Orbitalk,  SFI" Peter Green +64(06)2728426 peter@nzhost.biz 31 Mawhitiwhiti Rd Normanby other -4852 NZL

Young Living Essential Oils Jeff Zerr (604) 533-1579 jhazman@shaw.ca #119 - 20894 57th Ave Langley other V3A 8M7 CAN

NONE Fanchon Smith (419) 824-2023 flsmith60@earthlink.net 4604 Gettysburg Sylvania OH -43560 USA

Global Health Trax Russ Chiasson (760) 753-1725 superday7@adelphia.net "7720-B, El Camino Real,#504" Carlsbad CA -92009 USA

WIN-TECHNO PVT Ltd.(www.starebiz.com) AMIT SIKANDAR (91062) 100-0000 amit_sikandar@rediffmail.com "S/O SRI AJAY KUMAR SINGH,RAM BAG ROAD,KEOTSA NIWAS,RAMANA," MUZAFFARPUR other 84200-2 IND

NONE Nwonye Obini (679) 997-1873 n_obini@hotmail.com P. O. Box 17839 "Suva,FIJI ISLANDS" other -17839 FJI

4Life Research Ginny Gregory  ginny4@msn.com 13920 River Shore Dr. Charlotte NC -28278 USA

FGFDSY Hot Ties Larry (812) 912-9876 daverayburn@insightbb.com 2323 howl st louis KY -40216 USA

Retire Quickly Mack Brown (5033) 363-9742 mack@thebrownpost.com 658 Citation Drive NE Salem OR 97301-44868 USA

ISORegister Patricia Creasy (618) 452-2195 pcreasy@hotmail.com 1939 Benton Street Granite City IL -62040 USA

"Pre Paid Legal Services, Inc." John Pollitt (609) 871-6071 pollittgroup@att.net 7 Medley Lane Willingboro NJ -8046 USA

Melaleuca Delmar Towler (503) 394-3603 dtowler@iglide.net 36854 Gilkey Rd Scio OR -97374 USA

NONE Brian Harkness (615) 896-3099 bhark555@yahoo.com     

Tupperware Diana Cralle (916) 961-2953 dcralle@usa.net 4323 Winding Hill Lane Fair Oaks CA -95628 USA

Smartmall Frank Touchstone (402) 462-6160 ft10547@alltel.net 2320 W. 10th St. Hastings NE -68901 USA

"Pre Paid Legal Services, Inc." KELVIN BREECH (313) 570-4838 kelvinbreech@prepaidlegal.com 16835 STEEL ST DETROIT MI -48235 USA

Melaleuca Connie Gelman (610) 287-4734 gelmanjc@iGlide.net 109 Arabian Rd Schwenksville PA -19472 USA

massage therapy Ann Marie (616) 866-5097 a.marie@att.net 4260 Porter Hollow Dr Rockford MI -49341 USA

Web Cash Leads ralph andrews (814) 967-4966 rja91202@yahoo.com 33516 e.freemont st.  aptB1 townville PA -16360 USA

Usana Michael Luo (6128) 208-1588 wealthmagic@hotmail.com P O Box 99 Kensington other -1465 AUS

Unicity Network Charles Hodge (916) 393-9097 chodge@cwnet.com 8054 Pegler Way Sacramento CA -95823 USA

Life Force International Andrew Soltow (716) 433-9370 caluthius@hotmail.com P.O.Box 1208 Lockport NY -14095 USA

in search kenneth green (817) 496-2156 tovove@aol.com 7040 john t white rd apt 1103 fort worth TX -76120 USA

NONE Jack McCann (702) 362-2992 jack_mccann@lvcm.com 3810 My Dream CourtL Las Vegas NV -89103 USA

Every Day Wealth Philip Allen (724) 376-3697 philip@certainty.net 1678 District  Rd Fredonia PA -16124 USA

Greg Skollar John Goodman (956) 423-5000 goodmanjf@att.net 27410 Palm Court Dr. Harlingen TX -78552 USA

Quntech Mostafa Azab (514) 256-4620 mazab@juno.com 100A Walnut st  D15suite 185 Champlain NY -12919 USA

ICR Services rick Taylor (301) 390-7016 top@ 15804 Appleton Terr Bowie MD -20716 USA

Retire Quickly Michael Wilson (360) 825-1507 mwilson230@attbi.com 1093 Grand Fir Drive Enumclaw WA -98022 USA

Legacy For Life Kim Carlson (630) 851-1825 BioChoice@knsmarketing.com 1965 Pinnacle Dr Aurora IL -60504 USA

Your Travel Biz Kathy Bush   6706 Beth Court Garland TX -75044 USA

Stratia Corporation Sue Goins (859) 277-3968 ECS13@aol.com 112 Elam Park Lexington KY -40503 USA

For Mor International Gerri Peek (336) 454-3507 gerco@triad.rr.com 105  Woodmont  Road Jamestown NC -27282 USA

NONE Michael Pieper (714) 848-1559 seagullpoop2001@yahoo.com 16787 beach blvd.# 502 huntington beach CA 92647-4848 USA

Herbalife International Bill Williams (509) 738-3103 vipond@theofficenet.com 301 Inchelium Hwy Kettle Falls WA -99141 USA

SFI Roger Belger (972) 705-9873 toprail@hotmail.com 822 Wisteria Way Richardson TX -75080 USA

4Life Research Mike Warren (203) 488-7263 mwarren@connix.com 39 Patrick Lane Branford CT -6405 USA

UNS1 Ronald Kolman (507) 493-5416 rk6373#means.net Route 2 Box 21 MABEL MN -55954 USA

NONE Barbara Frey (808) 966-6324 infotoprofitby@aol.com HCR 1 Box5224 Keaau HI -96749 USA

Smart Travel John Rohman (435) 640-4890 rohmanholiday@bigplanet.com P.O. Bos 681171 Park City UT -84068 USA

NONE Cecil Wilkinson (801) 485-2898 cwilki3808@aol.com 1969 E 2100 S St Salt Lake City UT 84106-4144 USA

"Pre Paid Legal Services, Inc." Norman Erwick (360) 670-5017 derwick@olypen.com 472 Leighland Ave #2 Port Angeles WA -98362 USA

ELECTRONICS COMPANY  SELF OWN OLIVER MONDEZ (2344) 245-7712 CHUDYUSA2002@YAHOO.COM 100 UGUAJI ROAD MARYLAND LAYOUT ENUGU NIGERIA CAOL CITY STATE other -9 ZAF

Zibycom Allen Rabin (281) 530-5920 mrair007@msn.com 7363 cook rd houston TX -77072 USA

ACN Jason Herrington (613) 937-4585 jason@acncanada.net 236 Kensington Street Cornwall other K6H 3E9 CAN

Life Force International Tony Valenta (607) 432-4312 valentaa@infoblvd.net 131 Oneida St Oneonta NY -13820 USA

Instantempire Lisa Reynolds (860) 738-0692 SecretGarden90@aol.com 724 West Hill Rd New Hartford CT -6057 USA

NONE Jeff Perkins (502) 538-4597 perk4uk@msn.com 380 Newman Way Mt Washington KY -40047 USA

NONE Lois Jeary (204) 353-4096 ezines@home4success.com P. O. Box 88 Elie other R0H 0H0 CAN

NONE Nick Tarabocchia (570) 588-2700 ntnews@uplink.net 232  Saw Creek Est. Bushkill PA -18324 USA

Mentors in Motion Randolph Swanston (780) 451-4600 swanston@telusplanet.net 10315-120 Street Edmonton other T5K 2A5 CAN

Rexall Susan Gonzales (702) 798-5482 stgon5@aol.com 3878 w oquerdo rd las vegas NV -89118 USA

cdbaby George Williams (215) 849-6621 illtype1@comcast.net 7067 Forrest ave Philadelphia PA -19138 USA

"""Mediaprobe.net"" SuccessMal" Judy Hansen Swanson (231) 755-0245 Mediaprobenet@aol.com 2240 Torrent St. Muskegon MI 49441-1587 USA

Melaleuca Janet Goodrich (708) 429-3295 janetgoodrich41@hotmail.com 16711 lakewood Tinley IL -60477 USA

NMI Steve Conrad (541) 757-2909 netmarkpro@attbi.com     

Vitamark International Fern Kuhn (732) 249-3966 wealth4mom@yahoo.com 164 Pennsylvania Way North Brunswick NJ -8902 USA

Juvio Mark Post (214) 574-4226 mlpost84@hotmail.com "9877 W. Valley Ranch Pkwy, #2113" Irving TX -75063 USA

Cajun Country Candies Nancy Davis (863) 838-6898 criketd@webtv.net 5245 Parkland Ct. Lakeland FL -33811 USA

Pro-Ma Systems Liz Sheridan  lizloz@southwest.com.au 6 Blossom Place Mandurah other -6210 AUS

Overture Lorraine Morrison (865) 540-8302 agnesdevine@juno.com 4701 Asheville Hwy A8 Knoxville TN -37914 USA

ITI Greg Bittner  webcashseminar@netbizpackage.com     

usa dillon Aikens (866) 841-8383 bigwinners@bellsouth.net     

Retire Quickly Randy Goettge (512) 733-5927 rgoettge@datum.com 2310 Windrift Way Round Rock TX -78664 USA

Guerilla Marketing Bomb Shells Susan Carlson (941) 366-4423 aresource@earthlink.net 2454 Alameda Ave. Sarasota FL -34234 USA

Cyberwize Donna Johnson (713) 991-3334 donnajohnson@ev1.net 8418 Gulf Tree Houston TX -77075 USA

Smartmall George Reid (615) 871-9294 poppigeorge@comcast.net 2020 Hickory Hill Lane Hermitage TN -37076 USA

Eco Quest International Ronald Ingraham (231) 832-4830 loring@netonecom.net 8654 S. Hawkins Road Reed City MI -49677 USA

Consumer First Karen P Smith (817) 457-1894 kpsmith@mdsiglobal.com "6533 Melwood St., #1727" Ft. Worth TX -76112 USA

SFI Earl Netzlaw (707) 464-2344 Walzten@aol.com 3420 Kings Valley rd Crescent City CA -95531 USA

ABC working from home biz/4Life Pauline Khong (6139) 762-2156 briianu@yahoo.com 1/363 Boronia Road Melbourne Victoria other -3155 AUS

NONE Jim Cerda (727) 466-0082 sandman2110@earthlink.net 2110 Univeristy Drive S. Clearwater FL -33764 USA

NONE Hemansu Saw (201) 343-3120 hshah78@hotmail.com     

World Profit john condon (828) 891-1906 csshadoeman@aol.com 55 justin dr etowah NC 28729-9741 USA

NONE Amanda Levy (519) 766-1178 westwood@ican.net Box 205 Morriston other N0B 2C0 CAN

BizoppAlliance Bill Richards (252) 305-2455      

Nil ina miller (786) 987-7689 ina@helgard.biz main gela CA -78976 USA

SFI Heather Bonaventure (817) 831-4086 heather76117@aol.com 3325 Willowcrest Dr Apt 215 Haltom City TX -76117 USA

GMT Linda Small (709) 834-4374 selinasuccess@netscape.net 163 Foxtrap Access Road Conception Bay South other A1X 7N8 CAN

Melaleuca angela bush (905) 426-2138 angela_koren_bush@hotmail.com 18 agate rd Ajax other l1s3j9 CAN

1800Partyshop & Nouveau Lisa Nemec (281) 651-8606 lnemec1@houston.rr.com 21002 La Arbre Ln Spring TX -77388 USA

AIM Karen Roberts  j4j4ever7@netscape.net 42 S. State Rd. Upper Darby PA -19082 USA

Care Entree carl Ball (956) 548-1040 cball@rgv.rr.com 1092 plantation Brownsville TX -78526 USA

Coastal Club Vacations Yogi Golle (919) 872-8929 yogigolle2@hotmail.com "9660 Falls of the Neuse Rd, Ste 138" Raleigh NC -27615 USA

"Pre Paid Legal Services, Inc." Virginia A. Payne (301) 277-8133 vapayne8@yahoo.com 5025-56th Ave Hyattsville MD -20781 USA

Global Link Corporation Ray Mudd (928) 472-7111 raymudd@earthlink.net 258 valley view / hc1 box 1132L Payson AZ -85541 USA

"Pre Paid Legal Services, Inc." Dan Knapp (407) 679-9134 dan@danknapp.com 10714 Fallow Trail Orlando FL -32817 USA

Master Mfg.Co. Joni Hall (216) 359-5676 JHall@mastermfgco.com 11206 Vernon Avenue Garfield Heights OH -44125 USA

NONE Lawrence Waggoner (479) 636-1886 lw@trw1.net 321 W. Poplar Rogers AR -72756 USA

Business Opportunity Alliance Michael Kamradt (702) 304-0031 arab73@earthlink.net 1320 Sunblossom St. #3 Las Vegas NV -89128 USA

M-N-S Bob Priebe   3548 W. Houghton Lk. Dr. Houghton Lake MI -48629 USA

World Lending Group LeRoy Hodge (410) 489-5781 LHodge@HodgeOnline.net P.O. Box 245 Glenwood MD -21738 USA

NONE Jeff Ransom (503) 648-1041 jeffransom@attbi.com 2849 se 41 ave Hillsboro OR -97123 USA

NONE Patrick McBrady (352) 336-6856 momoney@gru.net w 1234 Gainesville FL -32609 USA

Liberty Health Net Klaus Siperko (604) 531-3028 klaussiperko@hotmail.com 13785 Marine Drive WhiteRock other V4B1A3 CAN

NONE giovanni negretto (407) 370-6754 gn8008@yahoo.com 7903 clubhouse states dr Orlando FL -32819 USA

NONE TIM PERRYMAN (910) 686-6080 splinter@ec.rr.com 1807 BAILEY AVENUE WILMINGTON NC 28411-7245 USA

NONE Aretha Best (919) 598-0131 bestfavor@aol.com 3511 Play Gate Ln Durham NC -27703 USA

Global Online Systems/Herbalife Linda Ross (604) 820-2401 poitross@shaw.ca #103 - 33344 - 2nd Avenue Mission other V2V 1K3 CAN

PAI Bill Chevalier (318) 659-4320 chevymarketing@aol.com 415 Melder Rd Glenmora LA -71433 USA

World Games Inc. Ray Randon (780) 469-8788 rrandon@shaw.ca 9120-75 St Edmonton other T6C 2H4 CAN

NONE Mary Wiede (979) 823-7267 Clayrivoyance@lycos.com 1904 Pinewood Dr. Bryan TX -77807 USA

Global Online Systems Diane Heath (520) 883-1533 diamandiane@msn.com 9011 W Bopp Rd Tucson AZ -85735 USA

Melaleuca Joseph Parton (281) 443-1762 josephparton@iglide.net 22921 Imperial Valley Dr. #G206 Houston TX -77073 USA

Usana Neil Schattin (214) 454-6112 nchess@aol.com P.O. Box 550935 Dallas TX 75355-0935 USA

AmeriPlan USA Timothy Straka  DestinyBound@attbi.com     

NONE Cecil Chambers Sr. (423) 357-5227 echamberssr@earthlink.net P.O.Box 522 Church Hill TN -37642 USA

Numerous Frank Adams (807) 577-5681 fadams29@shaw.ca 509 Dalhousie Drive Thundr Bay other P7C 5P1 CAN

Revolution  9 frank burns   904 Louise Quanah TX -79252 USA

RGA charles whitnel (615) 269-3001 salesmeeting@comcast.net Box 120847 Nashville TN -37212 USA

AOL.COM RICHARD HILL (909) 947-9737 Richardhi7@aol.com 1630-L-E. FRANCES ST. ONTARIO CA -91761 USA

Quixtar daphne harrison (719) 442-2030 rochellesugar@yahoo.com 1060 s chelton rd #6309 colorado springs CO -80910 USA

Life Force International Michael Dropkin (561) 483-2104 intothewind@mindspring.com 9300 S.W. 8th Street  Suite 320 Boca Raton FL -33428 USA

Concorde Success Sueanne Krzyminski (989) 253-2919 Sunshine6510@chartermi.net 3159 Silverwood Drive Saginaw MI 48603-6804 USA

4Life Research Debra Burrell (406) 293-7308 dburrell@montanasky.net 918 Idaho Ave PMB 181 Libby MT -59923 USA

NONE Dennis Fadden (303) 745-1834 dennisfadden2001@yahoo.com 3450 S Akron St #4 Denver CO -80231 USA

Eco Quest International Joseph Lazarus (607) 535-8807 joelaz2000@yahoo.com 2415 State route 414 Watkins Glen NY -14891 USA

Capwest Funding Richard Cowan (602) 434-8954 rcowanfunding@yahoo.com 19401 N 7th sreet #204 Phoenix AZ -85024 USA

Mentors in Motion Robert Gough (585) 473-8510 rwg@rochester.rr.com 76 Hinsdale Street Rochester NY -14620 USA

Eco Quest International Rachel Glawson (504) 888-4181 Rachel@TheHealthySolutions.com 4924 Sanford St. Metairie LA -70006 USA

Vacations Michael duvall (936) 462-1083 mddjr@lcc.net rt.14 box 1058 Nacog. TX -75964 USA

Import/Export company Said Aderraz (2126) 107-1237 aderraz_said@hotmail.com 13 RUE AHMED SEBBAGH Casablanca other -21900 MAR

SFI Sanja Ostro (3876) 117-2917 sfinco67@yahoo.ca Dzemala Bijedica 91 Sarajevo other -71000 BIH

Humanitarian Effort (launching Sept) Sue Conley (859) 245-2411 getmoving101@aol.com 4004 Brookwater Court Lexington KY -40515 USA

Legacy International Phil Bevan (801) 232-3373 maxformance@hotmail.com POB 701965 Salt Lake City UT -84170 USA

NONE Doug Adams  dda108@yahoo.com 1200 S. 4th St. Fairfield IA -52556 USA

HOME HEALTH NURSING DONNA WINKLES (770) 253-6194 DBWINKLES@HOTSHEET.COM 155 JACKSON ST. "NEWNAN," GA -30263 USA

"Pre Paid Legal Services, Inc." Tom Low (254) 793-2551      

Usana charly kenyon (702) 341-6620 usanacharly@earthlink.net 8741 Pesaro Drive Las Vegas NV -89117 USA

NONE wael yousri  wael_yousri@hotmail.com "5, khofo st.," Giza other -12311 EGY

Lexxus International Ron Etheridge Sr (717) 767-7063 retheridgesr@hotmail.com 2525 Danielle Dr Dover PA -17315 USA

Melaleuca Sarah Brimhall (208) 465-2917 brimhall@iglide.net 710 E. Trailcreek Dr. Nampa ID -83686 USA

NONE Jim Smith (740) 654-4774 jimsmith2025@yahoo.com 1585 Deer Run Place Lancaster OH -43130 USA

Your Travel Biz Don Rosenbloom (603) 331-0777 donbigtuna1@cox.net 7607 N. 20th St. Phoenix AZ -85020 USA

NONE Rick Hackaday  websrfr23@yahoo.com 10812 Newton Ave Kansa City MO -64134 USA

GMT102 Gary Schauer  garpas@cox.net     

NONE Kevin Holder (719) 597-8334 KLHAssoc@aol.com 670 Carved Terrace CO Springs CO -80919 USA

AmeriPlan USA Sandra Long (770) 386-6334  72 Massell Dr. SE   #234 Cartersville GA -30121 USA

NONE Ray Barley (941) 542-3255 raybep1@aol.com PO Box 1009369 Cape Coral FL -33910 USA

Excel Communications Anneta Griffee (785) 562-5272 agriffee@myexcel.com 1650 6th Rd. Marysville KS -66508 USA

OIO Pro Patsy Granger (863) 967-3527 PPhoenix88@aol.com 405 Pine Street Auburndale FL -33823 USA

AmeriPlan USA Cecilia Triplet (913) 236-4882 celtrip23@hotmail.com 5408 Knox St. Meriam KS -66203 USA

SonMedia Online mark rossi (561) 702-1042 4thecross@sonmedia.com 509 Arndt Ave. riverside NJ -8075 USA

NONE Don Jackson (416) 255-2911 donjackson1977@hotmail.com 192 Bellview Toronto other j2x-2k3 CAN

Free Store Club Robert Moyer (506) 457-1075 robbnb@hotmail.com P O Box 1161 Fredericton          N B other E3B5C2 CAN

Profit Swarm Imogene Bell (479) 271-7179 bellco@nwark.net 10205 E. Hwy. 72 Bentonville AR -72712 USA

NONE pierre coleman (720) 312-0709 pierrecoleman@hotmail.com 17147 e bethany cr Aurora CO -80013 USA

pma phil mccormack (416) 465-8597 phil.mccormack@sympatico.ca 85 harcourt ave "toronto, ontario" AA m4j 1j3 CAN

Melaleuca Tony Ruckel (812) 524-7362 truckel@iglide.net 100 arthur Drive Seymour IN -47274 USA

Ezine Advertising Stephen Nelson (508) 791-3341 mylogg2@aol.com 11 Lake Avenue #119 Worcester MA -1604 USA

Usana Jeff Vincent (315) 393-2746 jvincent@stlawrfcu.net 1719 County Route 28 Lisbon NY -13658 USA

New Vision International Eddie Power (902) 626-3029      

Morinda stephen kwong (6139) 893-3929 stephenkwong@hotmail.com 7 somerset Court Blackburn South other -3130 AUS

NONE tina pruitt-verner (323) 305-2205 canyapplered65@yahoo.com 1344 w 83rd street los angeles CA -90044 USA

"Pre Paid Legal Services, Inc." Connie Hammill (505) 321-3736 pplwin@aol.com 19 Sage lane Edgewood NM -87015 USA

New Vision International Bob Trochta (512) 836-4411 bobtrochta@usinternet.com 7301 Burnet Rd Ste 102-517 Austin TX -78757 USA

Usana matthew jeter (773) 334-5740 mdjjr2002@yahoo.com 4500 s king dr chicago IL -60653 USA

NONE David Costilow (813) 975-8802 edaveonline@yahoo.com "6002 Palm Shadow Way, No. 1210" Tampa FL -33647 USA

Usana Dorothy Napier (307) 645-3242 dorothy@dreammakers.net 66 Road 8 RA Powell WY 82435` USA

Web Cash Leads john mcqueen  johnmcqueen@cox.net 3511 e 675th st tulsa OK -74136 USA

GLOPAINT JAMES POWERS (715) 427-5002      

Site Promotion Tina Lockhart   P.O.Box4393 Wilmington NC -28403 USA

The Concorde Group Phillip Kauffman (616) 538-6788 questforexcellence@hotmail.com 1137 Gezon Pkwy Wyoming MI -49509 USA

Excel Communications Calvin "Collins, Jr." (612) 894-0056      

Herbalife International Alberto Posse (240) 683-7137 alberto.posse@verizon.net 2 Red Kiln Court Gaithersburg MD -20878 USA

BioChoice Vivian Bailey (817) 297-2722 vbailey@aaahawk.com 1204 Andrew Street Crowley TX -76036 USA

Referralware Felix Davis (416) 745-4025 rootsjamaica@aol.com 59 Elmhurst Drive Etobicoke other m9w2j7 CAN

Shaklee amber white (919) 847-5603      

Store Tri Atmojo  aat16421@yahoo.com Margonda Depok other -16431 IDN

SmartNetworker john Barker (803) 932-7062 Barker56@msn.com 210 Firebridge ct. Chapin TN -29036 USA

cyberadvantage Gary Altman (408) 243-1157 garyaltman@ureach.com 3500 Granada Ave #329 Santa Clara CA -95051 USA

Oasis Traffic Dolores St. Germain (626) 917-5665 doloresstgermai@webtv.net 1217 N. Bannon Ave. Valinda CA -91744 USA

NONE Dave Calender (847) 729-5050 ACCUMILL@JUNO.COM 1911 Pickwick Glenview IL -60025 USA

NONE tod christian (401) 789-3983 todsr@yahoo.com 68 what cheer rd. narra RI -2882 USA

Orbitalk Miguel Palacios (562) 422-7204 www.@paradise9inc.com 93 W.Arbor St. Long Beach CA -90805 USA

Market America Beth Barham (757) 498-0071 bethb@unfranchise.com 2565 Cove Point Place Virginia Beach VA -23454 USA

SFI James Bodner (604) 990-3555 jimbodner@shaw.ca 966 Strathaven Drive North Vancouver other V7H2K2 CAN

hotmail Anna   L. Bunting (623) 915-0815 anlobun@hotmail.com 7668 W. Flynn Ln. Glendale AZ 85303-2942 USA

Gas Up USA Lew & Ada Kull (330) 966-4988 kull@sssnet.com 7165 Starcliff North Canton OH -44720 USA

Storesonline/Infinity2 Jerry Hammon (989) 362-2683 hammonall@hotmail.com 600 Pine St Tawas City MI -48763 USA

NONE Cynthia Singletary (305) 623-1377 cjsingletary9@aol.com 20530NW21Ave Miami FL -33056 USA

CDI Telecom Jim Carpenter (940) 382-9668 webmaster@wealthsurge.com 3601 Wessex Court Denton TX -76210 USA

"Pre Paid Legal Services, Inc." Jared Heinitz (801) 343-2626 wolfpac@zwallet.com 876 east 900 north #7 provo UT -84604 USA

NONE Panflutes International (212) 343-9876 panflutesintl@lycos.com     

NONE HAROLD    V TAYLOR (314) 972-8868 tkennedy45@earthlink.net 1625 SUMMER RUN  #32 FLORISSANT MO -63033 USA

Life Force International Madeleine Ayotte (780) 489-3444 m.ayotte@shaw.ca 9910-164 Street Edmonton other T5P 3R3 CAN

Cyberwize barry neish (435) 563-3472 neish@pcu.net 215 W. Center smithfield UT -84335 USA

"Pre Paid Legal Services, Inc." Noreen Grice  Mahogany77@aol.com     

Mannatech Mark DeGirolomo (203) 258-4905 markd1@optonline.net 20 Thornhill Road Fairfield CT -6430 USA

leader R wong  rkwong10@yahoo.com 5362 Foothill Blvd oakland CA -94606 USA

Vitamark International Evelyn Nordman (316) 691-8299 enordman@cox.net 1503 S Bleckley Wichita KS -67218 USA

NONE B W (606) 528-5773 williams@tcnet.net P O B Corbin KY -40702 USA

Legacy For Life David Craft (520) 887-5846 dkcraft@qwest.net 2041 W. La Osa Tucson AZ -85705 USA

NONE Patricia Barton (574) 753-6188 bartonclassy@aol.com 1624 George St. Logansport IN -46947 USA

Several Kevin Callahan  kevcall@peoplepc.com PO Box 114 Railroad PA -17355 USA

"sfi,mysmartnetworker,workfromhome" Peter Meyer (706) 781-6729 peter02ga@lycos.com 713 Old Beech Rd. Blairsville GA -30512 USA

Unknown sanjit panda (667) 823-8050 sanjitpanda_ak47@hotmail.com bargaon bargaon other 76611-7 IND

Excel Powered by VarTec Connie Kiser (903) 727-0103 ckiserxls@myexcel.com "107 Falcon Hill Road, Ste. 301" Palestine TX -75803 USA

a1ebiz.com Korrahn Droku (626) 797-9020 droku3@earthlink.net 149 E. Pine St. Altadena CA -91001 USA

NONE Peter Banks (3534) 586-0921 peter.banks@foxburg.com Hill House Naas other -24 IRL

Neways Ed Varnes (307) 685-5215  950  Chandler Ln Gillette WY -82717 USA

Nexx Jim Proctor (573) 783-5563 jim@cuttothebone.com 1010 Madison 9211 Marquand MO -63655 USA

NONE joe virg (905) 851-1386 joevrig@nobelmed.com 67 aberdeen ave woodbridge other L4L1C1 CAN

Freelife International Rhonda Coons (503) 390-2197 rhondaecoons@hotmail.com 4124  Noon Ave NE Keizer OR -97303 USA

Life Force International Pierre Dufour (514) 640-9559 ehg@qc.aira.com 2085 Aird St Montreal other H1V 2V9 CAN

NONE Alma Detrick (570) 888-6467 adetrick@stny.rr.com 337A  Meadowlark Dr Sayre PA -18840 USA

Excel Powered by VarTec Kathy May (301) 845-2204 kitmay@myexcel.com 10504 Dublin Road Walkersville MD -21793 USA

2by2.net klee miller (650) 576-1122 dawghouse@2by2.net     

Herbalife International Mary Ann Powell (202) 547-8409 mapowell52@yahoo.com 816 D street NE Washington DC -20002 USA

Clientele Mike Basson  mcb@freemail.absa.ci.za Poinsettia Street 13 SOMERSET WEST other -7130 ZAF

Sales-O-Matic Gary Jacoby (216) 529-9501 gaajac@earthlink.net 2113 Eldred Avenue Lakewood OH -44107 USA

NONE Tracy May (606) 754-5647 tracymay8554@yahoo.com wolfpit road ELKHORN CITY KY -41522 USA

Herbalife International Ruth Thrush (304) 369-3118 ruth_thrush@yahoo.com 160 Little Horse Creek Julian WV -25529 USA

NONE Bill Laurie (44247) 600-0000 wt.laurie681@btopenworld.com 9 Hall Brook Road Coventry other CV6 2GJ GBR

NONE popa adrian (4005) 885-2381 ady1960usa@yahoo.com ardealului nr57 teius other -3300 ROM

"Pre Paid Legal Services, Inc." Margie Martin (661) 871-6033 sea!shell91@hotmail.com 2601 Silver Dr. Bakersfield CA -93306 USA

GMT Belinda  C. Taylor (503) 552-8057 tweetwee@jesusanswers.com 301 SW Lincoln Apt 209 Portland OR 97201-5307 USA

Enliven International Steve Reso (717) 540-5754 retiretoday@comcast.net 4607 Clarendon Street Harrisburg PA -17109 USA

http://www.cropduster.freestore.com Grover Summers (863) 293-7998 gsum@gte.net 109 High St. SW Winter Haven FL -33880 USA

NONE Paris Thigpen (773) 626-2114 pthigpen@virtualconsultingcorp.com "2021 Midwest Road, Suite 200" Oak Brook IL -60523 USA

Juvio Charles Wilson (914) 699-6914 surfenbuy@hotmail.com 100 Cottage Avenue Mount Vernon NY -10550 USA

autodreamteam.com (Infinity2) brian hansen (717) 244-8416 brianh@pulaskiplace.com 360 Pulaski Place Dallastown PA -17402 USA

North Wind Paul Richard Hackler (317) 353-6485 PKNetwork@worldnet.att.net 263 S. Chester Ave Indianapolis IN -46201 USA

Liberty Plus Professional Services DONNA R. SPOOR  dspoor@firstadirondack.com     

Herbalife International Dan Svoboda   3400 Coventry Parma OH -44134 USA

Push Button Publishing Gary Muller (610) 530-2553 gary@excitinghosting.net 6215 SHepherd Hills Allentown PA -18106 USA

Affinity Just-2 Aurelio Aranda (720) 324-1074 aea04@hotmail.com 13791 E. Richthofen cir #O-105 Aurora CO -80011 USA

cash cow richard smith (941) 437-8812 rcsrcsr@yahoo.com 7086 maida lane fort myers FL -33907 USA

NONE JIMMY ISAACS (727) 771-2310 agent00692001@yahoo.com 2600 highland blvd.north110A PALM  HARBOR FL -34684 USA

Imagine 20/20 Charles Wainford (562) 547-6300 wainfordcf3@aol.com 2662 E. 20th St. #309 Signal Hill CA -90755 USA

Nu Creations Scott Thompson  Scott@SuccessTeamBuilders.com     

Melaleuca Bob Goodner (662) 393-2216 bobsaid@aol.com 7416 Chippendell Dr Southaven MS -38671 USA

investrio Gdog GdogGdo (909) 868-7007 kaiyya@iwon.com 47 Village Loop Road Philips Ranch CA -91766 USA

Excel Communications tasha giden (314) 436-2655 tgiden187@yahoo 1112 s 11th st SAINT LOUIS MO -63104 USA

NONE Robert Campbell (850) 769-2910 RHC234@yahoo.com 5216 Lee Dr Panama City FL -32404 USA

gifting program Pat Blanks (302) 736-0227 cpcorp17@hotmail.com 943 McDowell Dr Dover DE -19901 USA

Oxyfresh Worldwide R D Burge (708) 862-6188 hrzndental@aol.com 362 Crandon Ave Calumet City IL -60409 USA

STC Jeannette Young (800) 218-8983 jeannette811@tconl.com 5617 S. 139th Street Omaha NE -68137 USA

My Own Roland Dumont (603) 543-3687 roland.dumont@verizon.net "2 Winter St., D-10" Claremont NH -3743 USA

AmeriPlan USA Mike Vora (972) 236-1901 mikevora@sbcglobal.net "1121 Hampshire, # 102" Richardson TX -75080 USA

RE/MAX of Nanaimo Harvey Drdul (250) 751-3554 hdrdul@hotmail.com 3196 Merlin St Nanaimo BC other V9T 6B9 CAN

Eco Quest International Chinh Wynkoop (702) 792-6508      

NONE Martin Harvey (309) 797-4216 ubtheboss1@aol.com 408 38th ST Moline IL -61265 USA

c2c Exchange/uNetcommerce Sharon Lounsbury (716) 474-9751 slounsbu@netsync.net 47 Sullivan St Salamanca NY -14779 USA

Whetsell Painting Contractors William Whetsell (740) 454-6869 dwhetsell@hotmail.com 5780 Poplar Dr. Nashport OH 43830-9526 USA

Nu Creations DANA CALDWELL  TCALDWELL57@HOTMAIL.COM "BOX 594, 8650 W.JAMES" SOMERSET TX -7809 USA

Neways steve weigel (925) 875-1303 steveacc@aol.com 5752 north dublin ranch dr dublin CA -94568 USA

Melaleuca / Mom Team Gabrielle Robinson (540) 828-7492 robinson5@iglide.net Briery Branch Rd Dayton VA -22821 USA

NONE Krysia Boda (440) 884-9734 krysia822@cox.net 1414 1st Cleveland OH -44109 USA

No Bull Downline Club Steve Noel Sr. (425) 222-9483 admin@noelinfo.com Pob 741 Fall City WA -98024 USA

Several affiliate sites val miller (386) 658-1309 davina@lani.net 22921 136th st live oak FL -32060 USA

NONE bruce baker (816) 805-2639 czechmat@swbell.nety 10-610 Oakland k.c. MO -64134 USA

NONE Barbara Davidson (505) 995-0910 consciouscontactgroup@yahoo.com PO Box 6146 Santa Fe NM -87501 USA

Cell-Defense Sylvia Hicks (250) 724-7325 drxheal@hotmail.com 3653 14th Ave Port Alberni other V9Y5B6 CAN

All-Star Entrepreneur Meredith Baston (870) 665-9197 meredith@sunshinemoney.com 660 Frisby Rd El Dorado AR -71730 USA

noe Donald Balfour (203) 645-3595 balfive@hotmail.com 700 Prospect St New Haven CT -6511 USA

Liberty Management Group Inc. melva chandler (918) 421-8936 melva_1954@yahoo.com 1214 wade watts ave mcalester OK -74501 USA

Affiliate programs Rebekah Nahai (417) 674-2100 nahai@scamfreebiz.com 1019 Olive St. Carthage MO -64836 USA

The Syndicate Club Lambert Ariens (6188) 443-6433 lambertari@iprimus.com.au 8 Thistle ave Klemzig other -5087 AUS

Usana Jackson Tsai (714) 232-0220 webcashseminar@tsaiism.com 15221 Riviera Lane La Mirada CA -90638 USA

New Image International Lana Scroggins (404) 376-1358 lws@bizetimes.com 2817-C Clairmont Road Atlanta GA -30329 USA

gas Craig Draper (208) 461-1450 craigdraper@yahoo.com     

SFI Robert Houghton (619) 239-5240 robhough@pacbell.net 1468 1st Ave #14 San Diego CA -92101 USA

NONE cecelia morrone (724) 437-1991 giam7777@hotmail.com 42 union street uniontown PA -15401 USA

cypress john spivey (229) 377-7261 speedar2001@yahoo.com 890 8th ave n. e. Cairo GA -31728 USA

Excel Communications Glenn Scott (405) 228-4940 medic73102@yahoo.com 135 NW 9th. St. # 109-A Oklahoma City OK -73102 USA

HIS BOOKS VIC RAMSEY (44184) 300-0000 vicramsey@hisbooks.co.uk 24 MILL LANE THETFORD other IP24 3BZ GBR

"Pre Paid Legal Services, Inc." Don Alexander (917) 428-8400  700 Fort Washington Avenue New York NY -10040 USA

NONE HAROLD  V TAYLOR   1625 SUMMER RUN   #32 FLORISSANT MO -63033 USA

"Pre Paid Legal Services, Inc." greg civers (706) 884-9037 "civersgec@aol,com" 250 rosie civers road lagrange GA -30240 USA

"SFI, CASHevolution" Joanne Balerna (508) 222-4934 jmbmarketing@attbi.com 147 South Avenue Attleboro MA -2703 USA

Legacy For Life Tom Welch (512) 288-9087 tomwelch@texas.net 8536 Red Willow Dr Austin TX -78736 USA

NONE shaun howard (859) 887-4207 Funnyjackass@aol.com 129 Ridge Crest Drive nicholasville KY -40356 USA

NONE Shirley Donehoo (412) 761-5283 Eagle39647@aol.com 48 Kendall Avenue Pittsburgh PA -15202 USA

Network Marketing Silbert Dyer (706) 667-0614 trebb24@myibocs.com 3337 Oakridge Dr Augusta GA -30909 USA

GroceryBiz Don Metz (763) 557-8006 donmetzdoc@attbi.com 16105 38th Ave No Plymouth MN -55446 USA

NONE Michael Levine (925) 224-1441 mlevine@att.com 108 Margone Court Danville CA -94526 USA

Retire Quickly Giovanna Guimaraes (201) 886-7235 guimaraes17@rcn.com PO Box 2043 Cliffside park NJ -7010 USA

NONE Debbie Brown (336) 226-4116 debbie.brown@ssa.gov 3065 Beaver Creek Road Burlington NC -27215 USA

Nu Creations Scott Thompson  youcan2@ameritech.net 1999 Liberty Rd stow OH -44224 USA

Usana John Charleston (509) 238-2775 john@dreammakers.net N. 19606 Sands Colbert WA -99005 USA

Seasilver Ralph Henry (814) 724-1695 rhenry@mdvl.net 433 Orchard Place Meadville PA -16335 USA

Life Force International Dan Mahoney (623) 478-8401 rhinocave@earthlink.net 2049 N 106th Ave Avondale AZ -85323 USA

NONE Alan Ackerley (44161) 400-0000 alac@ukgateway.net 7 Jessop Drive Marple other SK6 6QB UK

ReferEveryone.com Roxanna Wishon (770) 929-3585 roxanna14@msn.com 670 Sugar Hill Lane Conyers GA -30094 USA

Several Elizabeth L. Oppelt   12687 Marsh Rd. Bealeton VA -22712 USA

AMI Jack Dorsie (301) 649-2363 am.inc@erols.com 10500 Glenhaven Dr Silver Spring MD -20902 USA

cedlc jesus nieves (757) 425-6312 seusluvu@yahoo.com 1502 arctic ave va beach VA -23451 USA

Retire Quickly Ron Barlow   113 Cameron Ave. North Hamilton other L8H 4Z1 CAN

Ninja Linda Endicott (925) 458-4226 beautyplussuccess@attbi.com 98 Pacifica Ave Bay Point CO -94565 USA

AmeriPlan USA Timothy Jones (770) 801-4244 tim_jones999@yahoo.com 205 N Fayette Drive Fayetteville GA -30214 USA

Advantage Worldwide Tom Woodward (702) 451-8555 twsw4630@aol.com 4630 Dennis Way Las Vegas NV -89121 USA

NONE Donna L Bombard (615) 444-7078 donna_online@msn.com 14 Bellview Dr. Lebanon TN -37090 USA

Morinda Pari Ellis (714) 731-4673 pellis5673@aol.com 11582 Forum Way Santa Ana CA -92705 USA

ConcordeVision Paula Griffin (203) 375-7586 paulag145@aol.com 662 Light Street Stratford CT -6614 USA

Health! Nargis Khan (281) 556-6325 II Nkhan II 15155 Richmond Ave # 225 Houston TX -77082 USA

Care Entree william hall (937) 787-4887 wjh7887@aol.com 15680 baden rd germantown OH -45327 USA

NONE Billie Jaco (256) 383-2165 jaco@hiwaay.net 3190 Underwood Mt. Rd. Tuscumbia AL -35674 USA

Herbalife International Angela Yates (760) 254-1111 hvnsntange@aol.com 33443 B Street Daggett CA -92327 USA

NONE Cliff Murphy (931) 381-3194 cliffmurphy@comcast.net 500 White Oak Trail Spring Hill TN -37174 USA

"Pre Paid Legal Services, Inc." Jody Scott (770) 254-0731 jscott@numail.org 1921 Hwy. 29 N. Newnan GA -30263 USA

"DebtZero, Legacy, EMM" Vivian Johnson (250) 752-7101 oceanfog@bcsupernet.com 1020 Koskimo Road Qualicum Beach other V9K 2R6 CAN

Self-employed michael johnson (509) 535-1904 muzikman_69@hotmail.com 1518 e hartson ave spokane WA -99202 USA

DJ TEC KAS Dorothea Richards (215) 985-1600 dorothea_richards@yahoo.com 2445 S. Franklin Street Philadelphia PA -19148 USA

Life Force International Becky Johnston (503) 430-5404 matrixexit1@yahoo.com 6185 SW 165th Beaverton OR -97007 USA

NONE Andy Bihain (512) 292-8468 abihain@gte.net 1013 Strickland Dr Austin TX -78748 USA

Cognigen Dameon Abraham (317) 299-9419 dameon@surfbest.net 5425 Dunk Dr Indianapolis IN -46224 USA

"Pre Paid Legal Services, Inc." David Boardman (706) 342-0630 makeminesupine@hotmail.com 1830 Old Buckhead Rd Madison GA 30650-4227 USA

Anew International Andy Hussong (765) 552-6958 andyhussong@hotmail.com 1529 Sweetbriar Dr. Elwood IN -46036 USA

NONE Lakeyla Murray (405) 691-6069 mlm7602@sbcglobal.net 10900 South Penn #1414 Oklahoma City OK -73170 USA

GroceryBiz Ron Clark (317) 328-2756 ronclark@clarkenterprises.org 6035 Melbourne Rd Indianapolis IN 46228-1053 USA

"canamex,ltd." Bill Wozencraft (214) 349-3229 woozy1us@yahoo.com 8769 Ferndale Rd. Dallas TX -75238 USA

Legacy For Life Louis Anderson (281) 361-3435 lander@dialup.ws 3723 Tree Manor Lane Kingwood TX -77345 USA

"Referralware, Juvio, PPL" Mogens Eliasen (250) 674-0272 anita@caninesuperior.com "RR#1, Box 6509" "Clearwater, BC" other V0E 1N0 CAN

Melaleuca Melissa Cousin (615) 832-6400 bizladies@aol.com P O Box 293116 Nashvile TN -37230 USA

The Team andrew cook (808) 322-7099 andrew@turquoise.net     

NONE Milly Whittle (352) 378-4698 clady815@yahoo.com 5732 NW 30 Terrace "Gainesville," FL -32653 USA

Web Cash Leads SHEILA SMITH (734) 326-1889 she1207@earthlink.net 6040 FOURTH ROMULUS MI -48174 USA

The Imagine 2020 Janis Smith-Wilson (404) 794-3682 sinaj@bellsouth.net 2701 Oldknow Drive Atlanta GA -30318 USA

GMT Ron Oliphant (254) 774-1851 rdo@bigfoot.com 2222 S. 43rd St Temple TX -76504 USA

NONE Gilbert Mullins (859) 985-6936 hobo51955@yahoo.com 348 Springhurst Dr. Berea KY -40403 USA

directorPosition.com Allan Parker (516) 616-4811 support@massmarketingprogram.com 372 Madison Street Franklin Square NY -11010 USA

MLMBlueprint Rosemary Mascia (203) 269-6828 jrmascia@yahoo.com 9 Grieb Road Wallingford CT -6492 USA

NONE Jeff kiker (303) 579-1774 jefechi@hotmail.com 2027 broadway # A Boulder CO -80303 USA

Unim web stores Janice Kinzel (913) 788-5832 jkinzel@kc.rr.com 6237 Webster Ave Kansas City KS -66104 USA

NONE Michael Barefield (760) 372-4754 mearlybarefield@yahoo.com 82425 Winagte Av. Trona CA 93562-1849 USA

NONE Robert Mullikin (612) 435-2274 robertmullikin@yahoo.com 810 Bluebill Bay Burnsville MN -55306 USA

M.O.R.E. Inc. Raymond Burress (509) 722-3269 rayb68@theofficenet.comww 6854 Peters Rd Fruitland WA -99129 USA

http://www.nutritionandkids.net/10905/index.shtml Shirley Kniss (972) 412-6945 sugarplum1960@attbi.com 5514 Cypress Drive Rowlett TX -75089 USA

NONE lynn fecke (513) 922-4867 swtgirlnextdoor@aol.com 4953 delhi pike Cincinnati OH -45238 USA

AmeriPlan USA Marilyn Salter  sunbrst@yahoo.com 4320 196th St. SW Lynnwood WA -98036 USA

http://www.smartmall.biz/?73209 DjAj Richie (44975) 000-0000      

STC Energy Water Wendel Zeller (714) 527-9044 Atlantic405fwy@surfside.net 5561 Citrus court Cypress CA -90630 USA

JangleFIsh Ellen Rusten  revelry@postmark.net 56062 Lockridge Road Durham NC -27705 USA

Usana ron parks (902) 638-3554 sunnyindigby@hotmail.com box 218 clementsport other B0S 1E0 CAN

NONE Dennis Quilatan (632) 513-4564 denski@gas.com.ph "175 Padre Diego Cera Ave., Ilaya" Las Pi?as other -1740 PHL

"Going Platinum,netwealthcreator,thelastmlm" dan clifton (509) 483-6152 danrayco@iwon.com 1207 e. rich spokane WA -99207 USA

Trivita Michelle Caro (303) 375-6689 caroxxmi@msn.com 5394 Tulsa Way Denver CO -80239 USA

NONE nikiya maxwell (716) 832-2947 keya3300@yahoo.com 448e.amherst street Buffalo NY -14215 USA

Excel Communications Keith McWilliams (440) 246-3049 mcwilliamskeithe@aol.com 1116 Highland Park Blvd Lorain OH -44052 USA

Melaleuca Maurine Curtin (603) 497-2568 mc688@attbi.com 50 Acorn Drive Goffstown NH -3045 USA

Winning Minds Shaun Hadsall (248) 431-0244 originator1971@msn.com 3700 W. Pemberton Bloomfield Hills MI -48302 USA

SFI David Welch (850) 913-0935 libsnightmare@yahoo.com 1508  Airport Rd Panama City FL -32405 USA

Big Planet Donna Jeffress  donnajeff2000@bigplanet.com     

NONE Bill Hilton (209) 966-5015 maxx@sierratel.com 5649-B Darrah Rd Mariposa CA -95338 USA

Juvio Jerry Spencer (317) 594-9008 jspencer@insightbb.com 9035 Bailey Way Fishers IN 46038-9058 USA

Healing America Francine Morrison (504) 430-8610 diaper_70748@yahoo.com 1632 Chestnut Street Jackson LA -70748 USA

Usana Jon Krelko (724) 282-0074 jonk1@zoominternet.net 208 spang ave. Butler PA -16001 USA

NONE C. J. Daniels (530) 468-5419 deadwoodlq@sisqtel.net P. O.  BOX 298 Greenview CA -96037 USA

W T Powers Mary Barker (972) 442-5434 rainbowbarker@ev1.net 122 Glen Knoll Wylie TX -75098 USA

Business Makers Jim Jeffryes (307) 266-4140 HomeBiz@JimJeffryes.com PO Box 50666 Casper WY -82605 USA

NSE Ken DoBucki  doughbuckkey@bigplanet.com     

NONE Tony H (770) 439-8561 tonydean01@yahoo.com 4175 Brownsville Rd Powder Springs GA -30127 USA

ICI International Walt & Zay Reynolds (517) 321-7125 iciint@comcast.net 4225 Appletree Lane Lansing MI -48917 USA

vwd elottery Malcolm Horsey  team.betterway@virgin.net 2 Evesham Road Greet other GL54 5BH GBR

Newman Media Esther Andrews (408) 362-0160 qandrews@pacbell.net 6104 Camino verde #2 San Jose CA -95119 USA

Morinda Ro Witty  rob@nacre.net 1100 Gorham St. Suite 236 Newmarket OR L3Y 7V1 CAN

Pacific Achievements International Clyde Lancaster (707) 964-0784 cwl20@earthlink.net 32800 Hwy 20 # 6 "Fort Bragg," CA -95437 USA